district_name_eng_2010,prop_1,prop_11,prop_01,prop_10,prop_00,size
Maharajganj,0.6528925619834711,0.20385674931129477,0.11707988980716254,0.4490358126721763,0.23002754820936638,726
Kushinagar,0.5646341463414634,0.13414634146341464,0.18902439024390244,0.4304878048780488,0.24634146341463414,820
Hamirpur,0.6185185185185185,0.2,0.13333333333333333,0.4185185185185185,0.24814814814814815,270
Varanasi,0.5737951807228916,0.16265060240963855,0.1746987951807229,0.411144578313253,0.25150602409638556,664
Mainpuri,0.556872037914692,0.16113744075829384,0.1872037914691943,0.3957345971563981,0.2559241706161137,422
Kannauj,0.5738636363636364,0.18181818181818182,0.15625,0.39204545454545453,0.26988636363636365,352
Firozabad,0.5491071428571429,0.16071428571428573,0.18526785714285715,0.38839285714285715,0.265625,448
Ghazipur,0.58698224852071,0.20473372781065088,0.13136094674556212,0.38224852071005916,0.2816568047337278,845
Mahoba,0.5460526315789473,0.16447368421052633,0.1513157894736842,0.3815789473684211,0.3026315789473684,152
Rampur,0.46511627906976744,0.08527131782945736,0.13953488372093023,0.3798449612403101,0.3953488372093023,258
Bareilly,0.5573366214549939,0.18002466091245375,0.15413070283600494,0.37731196054254007,0.2885326757090012,811
Jaunpur,0.5328413284132841,0.15793357933579336,0.15571955719557196,0.37490774907749075,0.3114391143911439,1355
Gorakhpur,0.559432933478735,0.19193020719738277,0.13522355507088332,0.3675027262813522,0.3053435114503817,917
Baliya,0.47426981919332406,0.10848400556328233,0.21001390820584145,0.3657858136300417,0.3157162726008345,719
Jhanshi,0.5779467680608364,0.21292775665399238,0.13307984790874525,0.3650190114068441,0.2889733840304182,263
Budaun,0.5325301204819277,0.1710843373493976,0.163855421686747,0.3614457831325301,0.3036144578313253,830
Eta,0.5333333333333333,0.17291666666666666,0.16458333333333333,0.36041666666666666,0.3020833333333333,480
Muzzafarnagar,0.5400981996726678,0.18003273322422259,0.15548281505728315,0.36006546644844517,0.3044189852700491,611
Ambedkar Nagar,0.5444596443228454,0.18604651162790697,0.14500683994528044,0.35841313269493846,0.31053351573187415,731
Mau,0.509594882729211,0.15565031982942432,0.16631130063965885,0.35394456289978676,0.32409381663113007,469
Saharanpur,0.5155393053016454,0.170018281535649,0.1590493601462523,0.34552102376599636,0.32541133455210236,547
Auraiya,0.493573264781491,0.15424164524421594,0.18251928020565553,0.3393316195372751,0.32390745501285345,389
Aligarh,0.48297213622291024,0.14396284829721362,0.19814241486068113,0.33900928792569657,0.3188854489164087,646
Itawah,0.5065616797900262,0.1679790026246719,0.14173228346456693,0.33858267716535434,0.35170603674540685,381
Sant Kabeer Nagar,0.4980769230769231,0.1596153846153846,0.17115384615384616,0.3384615384615385,0.33076923076923076,520
Bagpat,0.4688995215311005,0.13875598086124402,0.22009569377990432,0.33014354066985646,0.31100478468899523,209
Lalitpur,0.5060240963855421,0.17771084337349397,0.1536144578313253,0.32831325301204817,0.34036144578313254,332
Sonbhadra,0.4639175257731959,0.1360824742268041,0.177319587628866,0.32783505154639175,0.35876288659793815,485
Farrukhabad,0.48261758691206547,0.1554192229038855,0.19427402862985685,0.32719836400818,0.3231083844580777,489
Mathura,0.4594017094017094,0.13247863247863248,0.20726495726495728,0.3269230769230769,0.3333333333333333,468
Azamgarh,0.48360083740404747,0.15701325889741802,0.16957431960921143,0.32658757850662945,0.3468248429867411,1433
Basti,0.46403242147923,0.13880445795339413,0.2006079027355623,0.3252279635258359,0.3353596757852077,987
Kanpur Nagar,0.4209486166007905,0.09881422924901186,0.12845849802371542,0.3221343873517787,0.4505928853754941,506
Agra,0.4282744282744283,0.10810810810810811,0.17671517671517672,0.3201663201663202,0.39501039501039503,481
Pilibhit,0.5543071161048689,0.23782771535580524,0.11423220973782772,0.31647940074906367,0.33146067415730335,534
Shravasti,0.48355263157894735,0.16776315789473684,0.17434210526315788,0.3157894736842105,0.34210526315789475,304
Jyotiba Phule Nagar,0.44974874371859297,0.135678391959799,0.24120603015075376,0.314070351758794,0.30904522613065327,398
Chandauli,0.45901639344262296,0.14549180327868852,0.18032786885245902,0.3135245901639344,0.36065573770491804,488
Allahabad,0.45508474576271185,0.1423728813559322,0.1864406779661017,0.31271186440677967,0.35847457627118645,1180
Kanpur Dehat,0.4951923076923077,0.18269230769230768,0.16105769230769232,0.3125,0.34375,416
Banda,0.41134751773049644,0.09929078014184398,0.23404255319148937,0.3120567375886525,0.3546099290780142,423
Balrampur,0.46687211093990755,0.15870570107858242,0.20030816640986132,0.3081664098613251,0.33281972265023113,649
Fatehpur,0.46412884333821375,0.15666178623718888,0.18594436310395315,0.3074670571010249,0.34992679355783307,683
Gautam Buddha Nagar,0.40804597701149425,0.10344827586206896,0.23563218390804597,0.3045977011494253,0.3563218390804598,174
Bahraich,0.42297650130548303,0.12663185378590078,0.206266318537859,0.2963446475195822,0.370757180156658,766
Hathras,0.42201834862385323,0.12844036697247707,0.21100917431192662,0.29357798165137616,0.3669724770642202,327
Bulandshahr,0.4194341943419434,0.12792127921279212,0.2091020910209102,0.2915129151291513,0.3714637146371464,813
Shahjahnapur,0.4095808383233533,0.12215568862275449,0.19281437125748502,0.2874251497005988,0.3976047904191617,835
Barabanki,0.43935926773455375,0.15331807780320367,0.16361556064073227,0.28604118993135014,0.39702517162471396,874
Sant Ravidas Nagar,0.38369304556354916,0.10311750599520383,0.2278177458033573,0.2805755395683453,0.38848920863309355,417
Mirzapur,0.46563573883161513,0.18556701030927836,0.18384879725085912,0.2800687285223368,0.35051546391752575,582
Bijnaur,0.4191780821917808,0.13972602739726028,0.2,0.27945205479452057,0.38082191780821917,730
Lakhimpur Khiri,0.4362980769230769,0.15745192307692307,0.17548076923076922,0.27884615384615385,0.38822115384615385,832
Sultanpur,0.3951367781155015,0.11854103343465046,0.20212765957446807,0.2765957446808511,0.4027355623100304,658
Ghaziabad,0.38108882521489973,0.10601719197707736,0.24641833810888253,0.27507163323782235,0.37249283667621774,349
Chitrakoot,0.43548387096774194,0.16129032258064516,0.16451612903225807,0.27419354838709675,0.4,310
Pratapgarh,0.38762214983713356,0.11400651465798045,0.22366992399565688,0.2736156351791531,0.38870792616720956,921
Meerut,0.43414634146341463,0.16341463414634147,0.16829268292682928,0.2707317073170732,0.3975609756097561,410
Gonda,0.3651452282157676,0.0995850622406639,0.22614107883817428,0.26556016597510373,0.4087136929460581,964
Siddharth Nagar,0.39658848614072495,0.13113006396588486,0.20788912579957355,0.26545842217484006,0.39552238805970147,938
Unnao,0.4162303664921466,0.15706806282722513,0.18586387434554974,0.2591623036649215,0.39790575916230364,764
Muradabad,0.4011142061281337,0.14206128133704735,0.18802228412256267,0.2590529247910863,0.41086350974930363,718
Lucknow,0.36942675159235666,0.11146496815286625,0.24203821656050956,0.25796178343949044,0.3885350318471338,314
Sitapur,0.38011695906432746,0.12531328320802004,0.21136173767752714,0.2548036758563074,0.40852130325814534,1197
Hardoi,0.3826787512588117,0.13293051359516617,0.19838872104733132,0.2497482376636455,0.418932527693857,993
Kaushambi,0.3805970149253731,0.13681592039800994,0.21890547263681592,0.24378109452736318,0.40049751243781095,402
Faizabad,0.33482142857142855,0.09598214285714286,0.22767857142857142,0.23883928571428573,0.4375,448
Rae bareli,0.3738019169329074,0.15335463258785942,0.1853035143769968,0.22044728434504793,0.44089456869009586,626
Jalaun,0.34096109839816935,0.12356979405034325,0.21052631578947367,0.21739130434782608,0.448512585812357,437
